[{"id":29231388,"title":"Blog Template","order":1,"templateKey":"blog","customTemplate":false,"customTemplateFilename":null,"pageLinks":[],"dateCreated":"2025-05-13T03:50:22.217Z","dateUpdated":"2025-05-13T03:50:23.548Z","folderId":null,"pageName":"Blog Template","serverPageId":null,"sectionCount":1,"status":2,"backwardUrl":null},{"id":983325400,"title":"Post Template","order":2,"templateKey":"post","customTemplate":false,"customTemplateFilename":null,"pageLinks":[],"dateCreated":"2025-05-13T03:50:22.394Z","dateUpdated":"2025-05-13T03:50:23.548Z","folderId":null,"pageName":"Post Template","serverPageId":null,"sectionCount":1,"status":2,"backwardUrl":null},{"id":134276243,"title":"Product List Template","order":3,"templateKey":"products","customTemplate":false,"customTemplateFilename":null,"pageLinks":[],"dateCreated":"2025-05-13T03:50:22.545Z","dateUpdated":"2025-05-13T03:50:23.549Z","folderId":null,"pageName":"Product List Template","serverPageId":null,"sectionCount":1,"status":2,"backwardUrl":null},{"id":83449530,"title":"Product Details Template","order":4,"templateKey":"product","customTemplate":false,"customTemplateFilename":null,"pageLinks":[],"dateCreated":"2025-05-13T03:50:22.691Z","dateUpdated":"2025-05-13T03:50:23.549Z","folderId":null,"pageName":"Product Details Template","serverPageId":null,"sectionCount":1,"status":2,"backwardUrl":null},{"id":1165604172,"title":"Shopping Cart Template","order":5,"templateKey":"cart","customTemplate":false,"customTemplateFilename":null,"pageLinks":[],"dateCreated":"2025-05-13T03:50:22.803Z","dateUpdated":"2025-05-13T03:50:23.549Z","folderId":null,"pageName":"Shopping Cart Template","serverPageId":null,"sectionCount":1,"status":2,"backwardUrl":null},{"id":263505657,"title":"Checkout Template","order":6,"templateKey":"checkout","customTemplate":false,"customTemplateFilename":null,"pageLinks":[],"dateCreated":"2025-05-13T03:50:22.934Z","dateUpdated":"2025-05-13T03:50:23.549Z","folderId":null,"pageName":"Checkout Template","serverPageId":null,"sectionCount":1,"status":2,"backwardUrl":null},{"id":74502924,"title":"Login Template","order":7,"templateKey":"login","customTemplate":false,"customTemplateFilename":null,"pageLinks":[],"dateCreated":"2025-05-13T03:50:23.013Z","dateUpdated":"2025-05-13T03:50:23.549Z","folderId":null,"pageName":"Login Template","serverPageId":null,"sectionCount":1,"status":2,"backwardUrl":null},{"id":100599268,"title":"Search Page Template","order":8,"templateKey":"Search","customTemplate":false,"customTemplateFilename":null,"pageLinks":[],"dateCreated":"2025-05-13T03:50:23.068Z","dateUpdated":"2025-05-13T03:50:23.550Z","folderId":null,"pageName":"Search Page Template","serverPageId":null,"sectionCount":1,"status":2,"backwardUrl":null},{"id":886629689,"title":"Page Password Template","order":9,"templateKey":"password","customTemplate":false,"customTemplateFilename":null,"pageLinks":[],"dateCreated":"2025-05-13T03:50:23.135Z","dateUpdated":"2025-05-13T03:50:23.550Z","folderId":null,"pageName":"Page Password Template","serverPageId":null,"sectionCount":1,"status":2,"backwardUrl":null},{"id":1360225604,"title":"404 Not Found Template","order":10,"templateKey":"404","customTemplate":false,"customTemplateFilename":null,"pageLinks":[],"dateCreated":"2025-05-13T03:50:23.184Z","dateUpdated":"2025-05-13T03:50:23.550Z","folderId":null,"pageName":"404 Not Found Template","serverPageId":null,"sectionCount":1,"status":2,"backwardUrl":null},{"id":568628403,"title":"Thank You Page Template","order":11,"templateKey":"ThankYou","customTemplate":false,"customTemplateFilename":null,"pageLinks":[],"dateCreated":"2025-05-13T03:50:23.230Z","dateUpdated":"2025-05-13T03:50:23.550Z","folderId":null,"pageName":"Thank You Page Template","serverPageId":null,"sectionCount":1,"status":2,"backwardUrl":null},{"id":72077825,"title":"MATHWEB","order":50,"templateKey":null,"customTemplate":false,"customTemplateFilename":null,"pageLinks":["159610164","709908560"],"dateCreated":"2025-05-13T03:50:24.069Z","dateUpdated":"2025-05-18T17:45:32.277Z","folderId":null,"pageName":"MATHWEB_72077825","serverPageId":null,"sectionCount":6,"status":2,"backwardUrl":null},{"id":885325999,"title":"SOPORTE Y CONSULTAS","order":100,"templateKey":null,"customTemplate":false,"customTemplateFilename":null,"pageLinks":[],"dateCreated":"2025-05-13T03:50:23.263Z","dateUpdated":"2025-05-13T03:50:23.550Z","folderId":null,"pageName":"SOPORTE Y CONSULTAS_885325999","serverPageId":null,"sectionCount":1,"status":2,"backwardUrl":null},{"id":159610164,"title":"Niveles","order":101,"templateKey":null,"customTemplate":false,"customTemplateFilename":null,"pageLinks":[],"dateCreated":"2025-05-13T03:50:23.289Z","dateUpdated":"2025-05-18T13:57:33.707Z","folderId":null,"pageName":"Niveles_159610164","serverPageId":null,"sectionCount":2,"status":2,"backwardUrl":null},{"id":917606057,"title":"Areas de la Matemáticas","order":103,"templateKey":null,"customTemplate":false,"customTemplateFilename":null,"pageLinks":[],"dateCreated":"2025-05-15T16:52:30.754Z","dateUpdated":"2025-05-15T18:47:36.222Z","folderId":null,"pageName":"Areas de la Matemáticas_917606057","serverPageId":null,"sectionCount":1,"status":2,"backwardUrl":null},{"id":35546101,"title":"MATEMATICA CON IA","order":104,"templateKey":null,"customTemplate":false,"customTemplateFilename":null,"pageLinks":[],"dateCreated":"2025-05-15T19:07:15.958Z","dateUpdated":"2025-05-15T19:07:15.958Z","folderId":null,"pageName":"MATEMATICA CON IA_35546101","serverPageId":null,"sectionCount":1,"status":2,"backwardUrl":null},{"id":318027033,"title":"Matemática con IA","order":105,"templateKey":null,"customTemplate":false,"customTemplateFilename":null,"pageLinks":[],"dateCreated":"2025-05-15T19:09:02.398Z","dateUpdated":"2025-05-15T19:09:02.398Z","folderId":null,"pageName":"Matemática con IA_318027033","serverPageId":null,"sectionCount":1,"status":2,"backwardUrl":null},{"id":709908560,"title":"REGISTRATE","order":106,"templateKey":null,"customTemplate":false,"customTemplateFilename":null,"pageLinks":[],"dateCreated":"2025-05-15T19:09:02.989Z","dateUpdated":"2025-05-15T19:09:02.989Z","folderId":null,"pageName":"REGISTRATE_709908560","serverPageId":null,"sectionCount":1,"status":2,"backwardUrl":null},{"id":308337814,"title":"FUENTES","order":107,"templateKey":null,"customTemplate":false,"customTemplateFilename":null,"pageLinks":[],"dateCreated":"2025-05-16T01:06:44.481Z","dateUpdated":"2025-05-16T01:06:44.481Z","folderId":null,"pageName":"FUENTES_308337814","serverPageId":null,"sectionCount":1,"status":2,"backwardUrl":null},{"id":146052011,"title":"RECURSOS ACAD","order":108,"templateKey":null,"customTemplate":false,"customTemplateFilename":null,"pageLinks":[],"dateCreated":"2025-05-16T01:18:37.229Z","dateUpdated":"2025-05-16T01:18:37.229Z","folderId":null,"pageName":"RECURSOS ACAD_146052011","serverPageId":null,"sectionCount":1,"status":2,"backwardUrl":null}]